Verdensdel,Land/region,1999,2000,2001,2002,2003,2004,2005,2006,2007,2008,2009,2010,2011,2012,2013,2014,2015,2016,Total
Africa,Mali,67516.942,57916.0524,60518.48,56776.3976234,52980.664,53950.625,89020.343,108221.31327,94204.495,85145.493,78903.232,96384.468,74559.945004,94753.972419,131585.6835,125746.998409,138955.089509,145011.830672,1612152.0248064003
Africa,Afrika nord for Sahara regional,,,25.073,,,1439.284,2061.363,4390.306,2997.257,1907.3,272.16,351.32,32928.4,1806.268719,8161.551999,1224.809233,6399.999999,9600.0003,73565.09325
Africa,Namibia,41723.61448,63006.89955,33374.9,27201.8189426,26992.636,18333.76015,10510.071,60021.78513,17328.425,58658.725,-42223.155,-18010.144,13063.280351,13142.632787,11630.670121,9390.857957,11386.811999,5271.382817,360804.97228459996
Africa,Kapp Verde,156.344,495.847,1483.338,500.88,531.224,48.6,58.32,45.0,63.0,58.32,247.656,,99.65915,500.0,101.18475,365.75,,,4755.1229
Africa,Republikken Kongo,11318.799,17454.764,3015.105,2880.0855966,4895.996,11652.892,16999.226,6409.755,4046.696,250.001,651.302,3418.473,514.40299,366.122461,2460.045401,3061.188664,1937.100856,3025.86109,94357.81605860002
Africa,Sør-Sudan,,,,,,,,,,,,,349884.352479,436333.700231,535606.201985,598473.577663,472370.517912,560856.667958,2953525.018228
Africa,Kenya,15457.338,25413.623,36319.027,23674.4429428,72685.125,53532.133,63440.87706,79133.69834,76415.16315,121440.82662,97465.72176,80837.62141,110640.806029,84124.160167,138257.484291,106179.636295,112658.671865,86491.204461,1384167.5603908
Africa,Mauritania,2814.363,3316.5,3763.14,4242.7990736,5799.823,4989.171,5345.459,2865.26441,3886.36,5217.0,4109.0,3564.0,3564.0,12718.339678,6074.949827,4800.940852,6175.822996,779.999999,84026.93283560002
Africa,São Tomé og Príncipe,,913.049,,,,,798.81923,606.71906,200.0,46.592,,,,3505.30736,1447.82444,2111.68183,,,9629.99292
Africa,Niger,13062.63,4193.403,23651.195,18936.1314989,13213.809,13104.02,38665.831,15907.057,9709.816,10692.131,10230.268,21085.818,10176.29759,38646.105911,58424.677819,65530.992277,90284.079935,122129.531497,577643.7945278999
Africa,Benin,,0.363,915.904,1049.1886841,1506.051,1466.122,415.285,,,,,313.33823,71.99375,,,,152.999999,153.0,6044.2456631
Africa,Eritrea,58004.71126,56391.50372,40887.774,107450.7246642,152528.47,125529.87597,121319.73128,114801.79029,59665.30023,50777.47067,60449.45312,58199.42923,45234.334228,18619.838203,1341.388299,852.279998,11046.43009,16713.553993,1099814.0592451997
Africa,Zimbabwe,103945.09244,85950.73141,91770.029,57398.6301668,48503.124,54599.28905,87328.24139,71882.1685,73457.66455,123028.961,180134.88758,146419.63962,124926.395925,158556.217859,200308.623355,132192.296552,132703.844814,89853.531807,1962959.3690188
Africa,Sentralafrikanske republikk,96.619,2795.46,,,1544.155,3300.65,7752.0,36205.054,6726.536,7000.0,4000.0,,,,45287.073483,116322.704073,81469.070998,58548.932947,371048.255501
Africa,Algerie,7419.406,9231.857,18968.636,25786.338397,23765.435,10553.241,4782.409,6667.856,7458.413,350.0,5741.46,6163.6,5056.464314,1114.040529,624.415,349.3,5692.23483,5119.981,144845.08707
Africa,Rwanda,37723.363,37600.024,19001.561,48621.9227639,56386.849,42038.793,28997.862,25559.372,43513.693,21483.182,22329.55656,26383.057,19022.675659,13776.96863,13071.382156,14411.647372,17717.115314,21653.287548,509292.3120029
Africa,Tunisia,2029.207,1484.078,287.741,587.8246105,488.257,539.731,208.251,,,5.49163,,,,2500.0,612.999999,6620.423215,25212.1738,16067.52345,56643.7017045
Africa,Komorene,,,,180.939,,,166.206,,,5357.0,,,,,,,,,5704.145
Africa,Seychellene,,,120.0,36.756,61.805,72.872,,,,,,,,,,,,,291.433
Africa,Sudan,110964.254,124727.626,118561.002,186293.6652896,235820.834,385392.393,635722.11963,686008.29318,700148.45347,683965.60916,578177.16534,705370.74009,251104.910457,185261.866828,199286.356888,172971.917139,96904.847195,116192.480262,6172874.533928601
Africa,Madagaskar,26565.09223,39666.6577,37975.274,45546.8848684,43585.384,57331.134,75577.52332,103249.45618,118500.12659,128533.50116,52400.72916,78354.91139,72298.746968,81699.617929,74217.295088,71270.604929,52789.279938,62766.384835,1222328.6042854
Africa,Libya,,,,,,,1200.398,525.266,,,,,81300.0,12729.284058,4991.082018,,-77.64868,16850.0,117518.38139600001
Africa,Guinea-Bissau,160.308,60.716,159.505,200.88,353.936,393.75,317.611,2245.054,4051.0,2008.32,,,,999.999998,1.34431,139.999999,1332.922997,639.999999,13065.347302999999
Africa,Botswana,21244.68,23497.818,32613.823,25341.36867,10457.754,11073.77,13955.662,12588.098,12915.326,17151.5645,11467.366,3815.10912,2795.44,2662.259541,1074.949829,889.480146,575.631853,1684.896949,205804.997608
Africa,Malawi,96931.58225,59826.51931,86698.905,124225.46648,199370.047,183090.42806,316180.5671,323343.95038,320539.76041,367845.33998,399467.25896,391119.662,374683.705519,403802.977512,631060.241547,532266.015614,590826.602444,527112.987882,5928392.017448
Africa,Burkina Faso,11712.34,3864.206,2398.361,2931.2192684,1241.312,1000.0,1442.726,2346.243,1582.078,1278.995,3312.0,4965.0,4270.0,4436.156998,5440.54273,4695.431197,4083.066245,3568.512522,64568.1899604
Africa,Swaziland,956.468,874.971,909.067,1368.109,2731.633,2560.245,2890.304,2776.547,4436.974,13145.734,20274.32,9740.555,10039.693964,8529.064277,9516.261707,4375.829724,5048.130188,6652.091066,106825.99792599998
Africa,Nigeria,5620.215,4192.364,9732.408,24613.1586787,31499.652,36936.177,18903.203,18677.81,19036.41531,35805.63,57557.793,85017.70418,66322.229994,54283.423004,59739.519711,79742.151837,142362.95885,131646.019316,881688.8328807
Africa,Sør-Afrika,123649.4788,129572.98148,158627.87,140851.881569,117056.701,107655.00882,93378.09712,90484.49386,95099.48452,107598.40957,227034.62358,149683.46081,213914.098368,-170761.847912,132924.158513,61008.40659,78434.617354,60252.617841,1916464.5418830002
Africa,Lesotho,1685.019,1706.543,2353.644,2932.316,2051.847,8399.064,4680.587,7988.953,7943.564,6025.639,6544.437,6633.362,5777.123756,4891.458909,6354.484903,7082.844891,5856.511843,4290.492054,93197.89135600001
Africa,Egypt,9527.77,9550.75542,8238.081,4757.6831105,4662.451,4448.212,3586.905,3432.364,2092.873,1264.3885,4319.9127,4065.93676,10466.68949,6755.49864,12147.01033,16159.69703,35568.6938,32580.808602,173625.7303825
Africa,Kamerun,5715.606,6033.978,8644.959,45830.1563599,13143.579,11400.997,11890.594,4740.578,2709.599,2964.386,2558.83,2388.277,2808.462981,4843.824863,6718.60226,6709.859768,5566.819302,3136.471015,147805.57954889996
Africa,Tanzania,387688.10827,309419.36407,314161.343,372709.982006,476955.006,401636.5596,388571.15358,483481.68418,666775.82727,728521.08161,730937.24429,749199.8827,640355.917973,538554.66298,583657.412669,452563.153172,384498.802442,375174.775366,8984861.961178
Africa,Etiopia,186540.4416,207320.5614,146491.564,227401.2373527,263222.706,229420.75354,245204.807,268169.15392,198472.348,212741.85331,237366.28553,196809.58897,163032.03873,227678.455765,358950.417395,378491.027845,389836.959382,441765.195074,4578915.3948137
Africa,Mosambik,285902.74802,336089.25076,293222.831,308864.7465606,383059.365,411509.34845,437655.70767,412136.92438,469268.37705,551697.80165,504821.15495,445418.96829,471582.019105,503217.238543,298250.237682,360800.87002,264080.312051,239397.863691,6976975.764872601
Africa,Dem. Rep. Kongo,17339.346,49808.053,34764.145,101571.1459781,121085.542,123282.349,128146.209,138081.894,136693.16,199049.723,176119.8467,171060.95357,178899.502396,189363.997683,264008.497852,226484.914142,196374.496956,155096.687846,2607230.4641230996
Africa,Somalia,81149.174,176877.918,111278.132,203188.448395,283326.209,227035.783,201772.444,216614.48804,252756.1436,252139.61037,209310.057,182965.3824,467896.956449,203640.83444,370385.543473,364046.274174,345833.939859,339909.881543,4490127.219743
Africa,Guinea,461.0,,27163.669,4403.6530093,23959.59,10928.611,7278.602,3936.585,800.0,,,,,,,4139.999999,1144.156997,639.999999,84855.8670043
Africa,Marokko,335.039,1068.504,820.141,1342.1772223,2531.777,5597.653,696.552,903.355,28.0,,60.0,129.408,500.0,1171.32,2400.0,3128.88,3082.92099,1634.577,25430.304212299998
Africa,Afrika regional,357882.02488,317151.006,380751.529,397777.5966,395018.633,556251.2148,412653.66793,370270.15186,366517.71036,397927.95922,452833.98898,382368.51891,461984.918032,576143.820186,549935.266979,668801.150877,391416.196554,327310.024274,7762995.378442
Africa,Angola,153965.72911,145936.71149,157314.935,177271.8688541,171513.745,166863.82153,134686.96004,150064.30778,125408.1904,101555.16551,112022.64192,79934.66046,73161.313269,70547.103355,58737.108702,76814.212958,53206.842691,65390.748792,2074396.0668611
Africa,Liberia,11805.757,2588.397,5813.995,15478.6364893,63587.379,78416.825,45985.371,57318.48946,165022.42275,193129.99469,96496.19669,138070.06088,196754.398004,202771.721519,201542.281922,242308.157493,278904.396577,173079.654192,2169074.1346663
Africa,Tsjad,1294.0,1041.099,881.92,,361.968,,11375.749,10102.369,23807.0,24352.756,13640.0,10000.0,-28.69,,824.82915,,6000.0,,103653.00015
Africa,Ghana,5937.776,28303.356,4845.869,5601.6130664,4354.04,11662.593,7014.939,6566.843,7086.675,5669.66236,15452.2262,21978.35885,45122.87889,48082.228478,38577.947634,40929.490499,33061.42352,28191.172153,358439.09265040007
Africa,Togo,41.88,500.0,350.0,1723.0607393,1878.24,1678.518,6200.586,470.68,170.0,295.0,500.0,550.0,1442.86459,1321.754,1558.516,1069.999999,5193.249998,1193.25,26137.5993263
Africa,Senegal,9512.967,14571.719,10097.223,11103.3835368,8958.52,6896.336,4838.365,3798.353,3848.524,2917.092,3073.104,1785.11861,1712.400975,4029.061309,6194.233997,6238.235088,2683.602558,2673.749352,104931.98842580002
Africa,Elfenbenskysten,705.822,1342.52,2126.988,4044.4870736,6159.964,20489.254,24879.965,24068.584,27365.87,20523.80877,9870.84,10409.58171,41665.805699,44269.062054,5811.428996,6881.057993,8690.502498,2920.458681,262226.00047459995
Africa,Gambia,1146.187,1680.4,2148.68,5527.306,2088.956,1762.198,1652.146,1616.38,710.228,382.44,687.263,775.263,1621.072,312.0,758.477,1241.394998,1139.999998,1251.911998,26502.302993999994
Africa,Zambia,213240.84651,218037.80341,187112.662,231969.9522164,252005.63,251800.60033,315427.24382,424762.16216,436002.17401,418151.44083,393619.09752,326715.96245,443515.282961,301926.590797,290365.2763,190316.926776,179594.231984,120468.474918,5195032.3589924
Africa,Burundi,49823.785,46973.474,50859.744,81246.4304909,85983.445,79835.735,66190.543,83931.808,118491.294,145266.368,157644.018,117572.755,97110.780565,95515.771432,80930.368142,45224.608769,44099.660104,43267.775015,1489968.3635179
Africa,Mauritius,156.648,8255.858,5623.336,2497.52,,105.598,164.705,,256.796,-12106.483,2500.0,2000.0,4000.0,783.488,785.0,715.0,,,15737.466000000002
Africa,Djibouti,,2459.75,77.741,619.6568052,,179.91,700.0,3000.0,,,5000.0,2000.0,,,,2999.999998,2049.999999,,19087.0578022
Africa,Sierra Leone,48143.535,77136.961,83926.593,84376.7439905,36669.172,34827.599,26804.572,17275.97374,14501.76,20647.868,19270.55274,17982.962,19704.162998,14927.158437,14437.407949,9342.680162,56060.616962,43497.476085,639533.7950635
Africa,Uganda,198420.92628,184716.11804,177418.885,260482.9349497,271486.148,280841.61598,293289.50936,319200.3798,402538.19528,422404.51833,422679.73129,431869.80473,453822.946606,305758.972852,411309.416659,410162.986181,360482.378246,367115.56295,5974001.0305337
Africa,Afrika sør for Sahara regional,97651.71005,70289.86005,111382.333,134580.21019,126100.994,119832.06336,197583.55737,197429.48752,238721.272,317703.41247,329740.37374,579643.94339,414157.612883,753043.728671,316983.361893,293839.788685,282053.043142,447392.736216,5028129.4886300005
Africa,Gabon,,,,,,495.138,1114.201,,,,120.5,,,,315.473483,612.009518,525.685999,1279.048947,4462.056947
Africa,Ekvatorial-Guinea,254.0,306.34,360.4,,,,,,,,,,,,,,,,920.7399999999999
America,Venezuela,,2944.5,958.373,489.54,1115.768,1742.54,2638.393,1198.58,1848.249,349.862,240.86937,367.6084,845.13033,799.8545,-200.0,,,,15339.2676
America,Argentina,64.0,63.6,374.33,709.9732325,2608.71,200.0,,160.0,226.5,625.0,300.0,620.43368,300.0,300.0,4.313,712.42711,,,7269.2870225
America,Peru,12940.37,12194.774,19336.965,11442.9036811,61803.292,8403.585,21485.548,9062.623,837951.95343,1657.506,-45638.551,22863.901,19937.399887,29974.472937,32564.205668,41065.885221,39256.229844,96867.155646,1233170.2193141
America,Uruguay,382.5,233.2,114.48,,,,,,10000.0,,1108.39025,571.30786,155.0,270.0,-215.06515,88.389,,,12708.20196
America,Brasil,15166.352,20315.52552,21400.249,22748.53758,27489.262,20638.304,18152.097,17975.9162,55287.04969,33878.30145,185033.0454,226181.5785,406589.829885,1248123.80622,3988818.575464,882604.717045,1267711.591705,936994.085764,9395108.824423
America,Surinam,,,,,241.312,179.91,,,,,,,,,,,,,421.222
America,Honduras,28863.66396,17327.775,196299.275,7016.5460684,11527.201,12411.492,10895.29038,10148.739,8741.155,9074.261,8856.079,8990.917,8560.966179,25792.857373,67208.606002,11605.213368,10411.584407,10381.576539,464113.19827640004
America,Sør-Amerika regional,1596.614,1588.737,5417.648,2200.0,3965.03,36742.344,13108.44175,12090.402,33658.312,32369.121,42107.183,33321.474,39854.32227,42135.122117,40566.865236,41298.5265,35413.928861,857.163576,418291.23530999996
America,Paraguay,11110.83,25386.802,5783.015,4981.616,4774.341,3935.41,4343.98,5032.584,6522.512,6574.114,5748.439,6274.4,7112.204065,6721.341149,7102.348993,6639.724298,6715.104865,5856.999993,130615.76636299999
America,Nicaragua,132174.5261,116507.999,126167.382,71476.13314,89672.093,84571.57923,90145.02186,161804.18283,116039.09982,114076.8761,112119.03157,115983.6928,102068.336134,89138.162971,107649.18808,72516.126182,57284.896863,38152.66118,1797546.98886
America,Barbados,577.545,540.503,-67.118,,,,,,,,,,,,,,,,1050.93
America,Colombia,51046.374,51041.483,66348.861,61480.6291472,65953.456,57252.615,58298.417,63703.014,78366.123,62391.966,72813.96254,85798.39002,68487.118856,86049.995204,97275.458817,115475.309305,134117.526386,326901.002669,1602801.7019442
America,Amerika regional,45318.882,30663.484,35740.125,33767.205,32284.152,24698.865,22595.355,32155.693,53341.582,111485.193,158850.499,78224.236,70952.03656,99855.378294,66477.645522,65810.224132,43382.914646,46046.764065,1051650.2342190002
America,Guyana,545.901,20230.5,,,,230.211,,,,,,176681.0,218981.0,2281.42859,956.324879,581762.431425,45178.8026,30871.452999,1077719.052493
America,Mexico,4953.454,3898.151,3583.866,3089.666,623.723,2395.423,3418.652,,,682.0,107.19876,301.44184,45878.85551,1943.2497,9522.550349,41213.029471,23110.284568,-33.079808,144688.46539
America,Ecuador,15518.928,18530.791,24517.81,17957.172267,19030.734,16227.396,11244.207,12208.292,13085.376,17326.68251,10288.766,18429.942,16271.35026,13060.816033,14119.478558,14251.783447,15097.878714,35632.38396,302799.787749
America,Saint Vincent og Grenadinene,,,,,,,,,,,787.46795,,700.875,,,,,,1488.34295
America,Nord- og Sentral-Amerika regional,53954.49709,54083.85723,79523.985,84440.41438,59899.227,110898.1543,71360.08207,92775.38153,93790.66843,71639.10942,114113.42429,-50.51474,186992.23431,61756.47077,6800.941,34881.67694,31953.891655,21613.894517,1230427.395192
America,El Salvador,12949.836,10870.269,23119.785,13298.9288036,8035.81,7291.114,13598.35,3105.521,4013.504,3389.01,3233.11293,6808.11843,11774.31211,3599.092637,13281.316624,14796.313578,9556.026048,7164.709002,169885.1291626
America,Panama,,,,,,,132.956,,,,,14294.034,38814.227,9404.113,11678.008,848.50092,,,75171.83892
America,Costa Rica,2006.88415,5058.874,3675.45,4045.1688669,,,33421.0,573.576,1894.558,2629.085,4362.438,3114.307,13452.11,-761.884,38911.140365,4514.483084,1047.872283,166.112323,118111.1750719
America,Den dominikanske republikk,2698.239,1852.685,3750.731,3419.857,3283.924,4298.557,3118.306,5074.0,2344.0,1930.63215,1798.2,1600.398,1613.676,1539.028076,1676.914251,1590.176685,1391.11031,370.967991,43351.402463000006
America,Belize,,1811.837,284.161,851.0315145,520.623,281.4,,,,,,,,,994.839,1019.031954,,,5762.9234685
America,Guatemala,102801.38823,73386.5366,93235.34,94108.4940368,89895.38,87426.27618,134968.6073,95831.78035,87142.744,64723.26462,48411.37572,56683.19331,61973.474155,51077.762743,72819.153052,79868.27733,76969.641983,59471.259956,1430793.9495658001
America,Bolivia,27012.018,24623.873,28943.856,26259.6613421,26823.512,22763.96,23811.195,23335.63704,29691.37975,36582.25605,40192.06716,35381.59749,32608.729398,31709.627343,45510.831665,31698.91774,28991.517071,25220.851723,541161.4877721
America,Karibia regional,,,50.0,810.0,,,,,,,,,1110.68732,1728.24144,,,,150.0,3848.92876
America,Chile,4652.372,5739.407,6838.108,3726.9959052,4512.371,1648.8,101641.079,91271.563,135079.485,199713.463,83397.65972,79006.966,-66669.551164,188161.784754,56253.443518,1225.135998,,-21.6919,896177.3908311999
America,Jamaica,2832.361,3123.512,2804.762,4550.52923,3535.804,2232.115,2511.249,2227.457,1360.8,777.6,736.66864,695.83252,,,,,,,27388.690389999992
America,Cuba,8936.90386,7138.06077,15473.796,9542.0263084,12191.378,30134.336,8942.081,6252.258,7049.269,14486.32,4981.4684,6552.48932,8495.217147,27138.275778,20964.438048,20928.573786,27848.994763,20187.68051,257243.5666904
America,Haiti,9370.176,15295.133,18707.257,13322.447,14413.692,46883.151,32071.269,51339.977,45099.18083,59081.734,26875.18221,403626.6,135188.94587,129337.773988,83613.210773,89284.229711,66944.271855,87282.438395,1327736.669632
Asia,Armenia,18319.405,18551.27,21876.26,26228.3433923,23738.573,22502.849,33367.39,33477.727,27296.299,18912.05103,19604.88123,21567.52489,17224.59097,18874.79187,17331.17827,9835.80492,4533.0,2246.862,355488.8015723001
Asia,Bhutan,5201.6806,12676.1388,5970.576,8794.67,9129.641,5909.74918,5205.96039,8478.84147,7190.00395,5430.84808,11420.17351,11356.50014,15356.998694,5670.11553,7813.9137,33972.229947,28798.952708,2912.869015,191289.862714
Asia,Vietnam,55599.98047,54292.46526,51167.69,63409.7021539,81654.271,81233.09151,99538.75017,97582.08234,174670.4397,176578.61658,99829.88526,121949.31571,241646.484639,270026.960384,108070.784344,124778.706987,77484.032527,85196.287568,2064709.5466029
Asia,Mongolia,13183.819,11979.126,51000.484,21080.3366675,17465.426,8213.815,11159.974,6936.182,5709.179,6890.741,8009.403,10528.61172,8942.233514,4382.801776,3860.914995,3343.675076,4219.05989,3865.471354,200771.25399250002
Asia,Bangladesh,266476.5452,161648.79271,185066.708,132634.4518556,85992.49,161324.5148,212004.60644,137316.0045,233360.13938,132432.25248,91861.4789,102279.66931,95146.33638,96348.395697,73702.01267,58136.475355,34287.327777,22718.546584,2282736.7480386
Asia,Pakistan,36253.42241,58658.3833,49571.071,82112.3975004,70490.12,54604.18246,532544.29421,119747.18258,180561.83881,170284.12726,292392.70802,502448.32145,183994.362345,176663.497618,155099.383354,148080.853556,106071.680511,108421.024526,3027998.8509104
Asia,Sri Lanka,109301.10917,128117.00791,136701.997,171396.3497706,199195.487,204402.06241,427718.46105,239230.57148,257979.95943,174439.05319,221381.11275,175057.90878,144528.573262,115016.42996,85845.033515,65268.96321,42613.941348,67978.374115,2966172.3953505997
Asia,Aserbajdsjan,15573.473,19630.373,24343.856,28075.2778757,38220.678,38168.525,40994.785,36093.328,31128.469,22231.22529,25048.80634,20338.9454,18888.194183,17358.348481,11586.34476,3473.61696,7571.67611,6744.256,405470.17839970003
Asia,Georgia,17852.011,18068.64,27957.971,35450.185038,35561.448,32607.456,53915.636,47594.428,38224.821,74871.82294,69022.45757,60484.128,56683.47829,39124.27388,38524.84661,31443.90363,45644.04562,23467.32994,746498.882518
Asia,Laos,51121.10893,74760.22244,43280.329,45437.81574,28725.634,16823.1908,16352.86156,73203.257,17167.173,22033.9,19882.96471,15833.033,52861.37451,25559.983378,33243.052003,44922.20359,39092.790951,21909.676087,642210.570699
Asia,Sørøst-Asia regional,35.528,,,,,10397.509,13361.0,71030.192,43926.239,29775.032,40835.317,59171.533,32363.815,-17569.306687,10045.396154,9338.63519,23114.329866,20179.768032,346004.98755500006
Asia,Filippinene,19808.847,40203.38936,15022.237,7840.351,13231.926,13011.407,15380.632,29981.084,246485.0875,171133.93565,11463.7858,106357.79954,62378.260882,6571.753726,124100.548985,78114.467548,14011.352202,10373.797662,985470.662855
Asia,India,76780.28026,70672.69679,104306.097,67574.8746305,57439.705,88940.02006,184433.17206,84006.39238,175742.10041,199068.4497,100944.63547,144989.75523,164472.337495,215945.607269,202041.310673,149419.614709,137709.980773,148278.375346,2372765.4052555
Asia,Nepal,57670.12691,78398.84665,103319.822,104659.9634571,143134.667,155168.54959,161804.73334,262776.93249,238773.57247,239152.70799,284467.4526,285390.01172,276878.466541,236261.669129,190841.158738,264958.057679,492162.844822,258044.586777,3833864.1699030995
Asia,Kambodsja,49452.789,54089.891,50556.404,24903.9349984,17678.562,22286.963,23503.24235,20170.83516,22348.68337,60432.83343,19890.90704,28546.21856,50603.856784,17866.650837,150861.905525,49889.393,54682.454365,55272.447457,773037.9718764002
Asia,Afghanistan,55564.403,110546.87666,357075.964,493516.915734,486867.985,456434.387,386186.108,446971.19,553121.83916,736543.206,727842.0902,726172.50801,775474.416944,730363.887617,745408.529789,758744.277884,691213.626388,693947.844959,9931996.056345
Asia,Malaysia,1647.249,1701.943,4026.422,2420.409,9534.975,5819.997,2135.77,12798.781,631.8,2246.888,4316.28,4648.38,4714.456061,5084.150227,6646.551778,3744.703724,2706.879737,3874.664896,78700.300423
Asia,Myanmar,14925.029,25295.254,25519.235,30823.8507841,36124.044,47819.153,37700.39703,51632.58973,64320.39727,169144.4026,112221.04576,123734.0111,105231.668044,132752.814931,186584.110221,228483.528389,256444.334136,252062.973747,1900818.8387421002
Asia,Kasakhstan,8652.716,8400.662,8497.123,14091.3624245,10474.983,10189.995,15034.742,16879.395,14387.802,27838.44108,19213.61942,25714.67354,16431.61671,13791.688,10920.91388,3927.15,741.265,,225188.1480545
Asia,Thailand,3848.78,3366.1877,12907.424,12975.38058,-9787.698,14495.389,74628.52917,37850.05542,11326.135,4684.872,4397.66464,1867.54601,9431.16967,10073.645949,11371.86788,13389.545363,7606.591999,5019.805736,229452.892117
Asia,Turkmenistan,,904.025,343.01,1589.5992789,983.593,899.552,142.651,190.179,28.375,3344.0015,3923.6212,3400.0,3270.782,-6.29897,532.53354,-531.15124,,,19014.4723089
Asia,Kirgisistan,9581.748,2539.053,4539.3,10476.6608773,21741.826,20675.992,19854.398,14483.194,17201.1,19772.98015,21246.71304,38227.23021,18704.38,20187.6645,16436.03881,10275.664,10520.832,4007.463,280472.23758729995
Asia,Usbekistan,,1088.958,6941.836,20669.0662768,8012.424,6445.138,3423.613,2952.744,75.9,961.395,1783.83409,1520.0,1649.672,2522.088,922.912,3187.3662,1093.959,333.728,63584.63356679999
Asia,Tadsjikistan,4855.039,9824.07,7502.737,10859.3642102,13092.849,9903.608,12707.546,11159.659,18670.613,15471.947,19728.67377,19324.07503,29481.65024,28306.482049,15551.228998,13639.978183,10999.999999,5056.184529,256135.70500819996
Asia,Øst-Timor,,30909.252,49684.949,62111.72508,50233.98,58707.78942,58470.459,93120.90401,78777.73121,43748.27755,53412.42319,47246.43822,45807.241,44829.56776,32677.04615,28408.34548,23516.51003,12503.94806,814166.58716
Asia,Sentral-Asia regional,,,,,,,,,,32815.012,18804.49346,22159.99261,13712.865,20146.00974,32747.05352,15325.86344,21402.54175,6221.87545,183335.70696999997
Asia,Nord-Korea,30262.365,29275.0,31316.0,28553.6440384,31034.0,37882.781,33970.287,24663.639,27616.591,16619.789,29800.0,15000.0,20000.0,21000.0,6200.0,12000.0,14999.999999,9999.999999,420194.0960364
Asia,Maldivene,,90.17,166.528,11743.57614,975.084,996.24,16555.726,6263.798,,,72.422,207.591,325.986,155.452,37.361,38.3,19.15,9.575,37656.95913999999
Asia,Sør- og Sentral-Asia regional,,747.77221,3522.926,1974.1402,30961.219,2008.051,1298.64,1263.98,5918.804,5818.308,1667.222,12861.277,780.515999,,,4000.0,6000.0,13751.208,92574.063409
Asia,Kina,109689.09093,87086.86645,86810.79,97699.7162623,84548.403,99423.51347,88961.06345,92208.55812,98641.33383,139957.04111,136067.00768,136322.59614,131640.589246,141420.496752,124365.003747,125553.981045,92294.403353,87146.662079,1959837.1166642997
Asia,Indonesia,66940.78274,50986.1635,41562.712,48286.6603972,46488.833,49667.9296,290436.16139,65845.165,96121.93815,60831.06578,80915.31289,253493.44473,66762.049005,82560.084212,164466.19613,237942.199534,258717.094124,451364.206922,2413387.9991042
Asia,Asia regional,109255.14193,140194.064,111396.466,86088.06099,122966.455,128156.13175,486036.40815,146566.84491,197318.7756,140620.80333,140157.48826,115800.0377,120185.30779,155159.173916,182495.311304,142108.557605,164515.439933,121392.536873,2810413.005041001
Europe,Europa regional,862203.638,875035.868,481788.015,677903.377695,562611.221,490164.1007,454654.92549,435704.13982,111304.507,79050.43408,113486.68191,146349.89852,149567.094,210050.83338,211022.447133,155207.318784,72193.649828,121156.093102,6209454.243442
Europe,Bosnia-Hercegovina,246136.33019,270729.45934,151719.387,190312.51363,153075.468,114624.885,113975.305,121961.366,101815.2365,108514.7035,99486.66786,110440.86802,83358.42885,112449.511898,84113.066684,99646.40642,65511.69312,44448.70522,2272320.0022319993
Europe,Kosovo,,,,,,,,,,67608.584,132916.82094,146547.03511,106865.90408,85648.32236,63955.27163,57309.01771,98566.47464,19212.58954,778630.02001
Europe,Moldova,,5752.147,8779.786,8692.2458084,16096.083,8826.299,17789.594,17559.041,18660.762,28088.839,23175.86036,18142.4423,33767.08397,29013.274,33300.00136,55490.24571,45451.36161,44935.49819,413520.56430840003
Europe,Montenegro,,,,,,,,,24476.973,22746.09666,24537.02031,21200.26381,15991.11327,20431.611,13239.84323,7983.60967,1271.96179,4995.00053,156873.49327
Europe,Kroatia,29825.513,44140.225,162364.726,105336.0063943,100650.251,100270.565,99761.259,95853.788,40540.729,24117.27733,22583.47799,20938.01085,,,,,,,846381.8285643
Europe,Albania,49443.819,31187.078,27033.348,46632.5187598,42436.881,53882.007,41932.286,36426.433,34510.072,23306.335,6523.156,15144.731,15451.83,9039.60581,10104.385,8530.28,14555.587,4747.39794,470887.7505098001
Europe,Serbia,,,,,,,,,239013.224,198015.30028,124837.53324,122347.52783,111157.78694,89077.5258,63965.12662,68172.73589,60668.39531,12259.86474,1089515.02065
Europe,Makedonia,54494.66686,8468.345,56886.596,93098.817923,81682.178,84905.483,80803.174,79697.537,55169.917,34784.72929,43611.70895,45467.54393,39327.6175,28322.53519,24228.05594,28696.37119,19246.04923,15813.30996,874704.635963
Europe,Slovenia,,575.067,77.741,386.8750736,,,,,,,,,,,,,,,1039.6830736
Europe,Hviterussland,,,,,,,,1190.426,14729.319,18972.9078,16219.74057,13380.55958,20086.50612,20170.01,18111.96499,19152.07518,12338.118,3667.852,158019.47924
Europe,Tyrkia,31570.071,15409.101,26350.978,33405.0087827,51974.371,10486.573,7431.259,11807.298,2625.947,696.005,1020.0,796.90401,12154.83363,12721.41156,19207.19952,20289.42281,44389.368088,76306.347438,378642.0988387
Europe,Ukraina,,,,,,,1412.902,3452.858,25186.053,26718.15403,19539.83446,22773.98808,46092.48434,40943.63426,34570.693,106493.1249,322936.62949,116572.504749,766692.860309
The Middle East,Jemen,17541.88,1000.0,457.804,2815.6641473,2223.274,2912.741,2907.809,1643.043,486.291,741.808,4533.032,2255.04,8489.481604,13427.647772,35945.389669,23641.138491,54076.860839,117021.838182,292120.7427043
The Middle East,Palestina,216832.94619,245678.0142,338735.744,406823.01764,379167.31903,362788.18876,476674.9245,562947.8295,621916.01282,660802.35241,628748.79193,661906.93528,628408.634085,623332.382616,632851.431609,740821.613536,629672.518666,572421.410104,9390530.066876002
The Middle East,Iran,13717.735,45702.892,33459.966,42644.214627,68647.098,77432.616,27757.481,16909.302,510.771,7330.411,5021.59914,44379.49959,13147.033,16682.29134,11923.0298,20919.599584,19858.669988,16199.999999,482244.2090680001
The Middle East,Libanon,30642.551,32827.736,38489.536,42774.5019484,42811.076,43387.692,49664.933,178254.688,89517.08756,61867.694,61777.55234,55974.919,68396.50765,88051.187868,139002.429538,145152.928946,285821.690667,546026.361526,2000441.0730434
The Middle East,Irak,172989.238,123278.387,95873.46,142677.982471,415416.602,124745.112,154749.027,145034.39,98915.737,99385.263,73056.62,46526.5136,45540.7759,46543.709123,62002.500945,227646.884978,240645.661591,402700.199878,2717728.064486
The Middle East,Oman,,,,,,,,105.054,,,,,,,,,,,105.054
The Middle East,Syria,9899.455,15289.874,8190.696,6166.4220309,13980.502,8545.257,9592.764,5733.96,6404.402,3796.917,146.40931,7877.11701,6586.47692,77762.4447,404617.82009,310418.007726,516451.821997,1019202.679928,2430663.0267119003
The Middle East,Midtøsten regional,31635.239,15970.027,24584.475,2448.1661,7902.62,11624.508,19749.339,16897.758,68107.96324,57788.04329,66966.63765,71104.72436,116037.079328,199161.607728,330056.870302,156378.447221,530144.211065,403244.204786,2129801.9210699997
The Middle East,Saudi-Arabia,,,12.537,156.5322684,373.235,,,105.054,,,,,,,,,,,647.3582683999999
The Middle East,Jordan,23279.148,29567.58,18332.24,17373.1999509,10223.205,8844.118,9976.587,24629.991,26825.29,13781.88,4980.996,2258.0,17802.40093,17317.259374,63514.085288,70195.74271,118808.541319,252784.561098,730494.8256699
Oceania,Salomonøyene,,,,,73.812,,,,,,,40.0,35.0,,,,,,148.812
Oceania,Papua Ny-Guinea,1724.343,1633.248,1265.36,1244.16,1603.8,2454.39,3003.48,3810.554,3618.0,9190.05011,10684.694,10778.22,9799.076822,9094.935861,9353.893995,9012.259416,19650.782366,11317.999992,119239.247562
Oceania,Nauru,,,,,168.386,,,,,,,,,,,,,,168.386
Oceania,Kiribati,,,155.48,165.0,,,,,,,,,,,,,,,320.48
Oceania,Oseania regional,,,,,,,,,,,,,4999.999999,,,,,,4999.999999
Oceania,Vanuatu,,,,,,,,75.0,,,59.119,,,,,,,,134.119
Oceania,Fiji,154.531,912.003,173.522,349.92,,179.91,,,,,,40.0,,,,1016.72917,,369.07134,3195.68651
Oceania,Marshalløyene,,,,,,,73.162,42.691,,298.636,290.109,,,,,169.342,,,873.9399999999999
Global unspecified,Global uspesifisert,923454.04976,1105842.21912,1193957.78687,1251448.77198,1502278.05821,1667865.26639,2298695.57849,2972746.03674,3687279.52139,4405044.9578,7204418.15046,6589520.30188,6529016.241878,6846609.310887,7630087.149009,9634912.664604,1.1515843586921E7,1.3685816169477E7,9.0644835821866E7
Multilateral,Multilateral,2798090.3883,2882672.62,3525542.711,3956754.55228,3897266.305,4173378.74592,4580911.08274,5078764.12787,5567811.45679,6055613.08626,6296367.26046,6463820.78138,6786877.19035,7154169.3612,7440235.730366,7542926.26406,7829425.46108,7566508.25891,9.959713538396601E7
Administration,Administrasjon,525727.186,562704.0,595177.409,651491.322,703942.43004,792829.791,885265.674,1041434.65,1117803.926,1222298.871,1386964.22012,1452090.79495,1503048.948,1536912.888,1780013.19431,1777884.17439,1958192.248,1957761.50269,2.14515432295E7
